PubChem CID|name |Preferred|Canonical<|NumAtoms|MolWt|Log P|TPSA|HBA|HBD|Fsp3|ROTB|NumRings|AROM|NumHeavyAtom|NumStereo|QED|QEPPI|SAscore|NPscore|Lipinski|Ro4|PAINS
290486.0|Triciribine|2-(5-amino-7-methyl-2,6,7,9,11-pentazatricyclo[6.3.1.04,12]dodeca-1(12),3,5,8,10-pentaen-2-yl)-5-(hydroxymethyl)oxolane-3,4-diol|CN1N=C(N)c2cn(C3OC(CO)C(O)C3O)c3ncnc1c23|23|320.3090000000001|-1.8870999999999987|142.25|10|4|0.46153846153846156|2|4|2|23|8|0.5030837169270522|0.2230377496655855|4.206336221285245|0.5141541547619305|1|0|False
400633.0|Capecitabine|pentyl N-[1-(3,4-dihydroxy-5-methyloxolan-2-yl)-5-fluoro-2-oxopyrimidin-4-yl]carbamate|CCCCCOC(=O)Nc1nc(=O)n(C2OC(C)C(O)C2O)cc1F|25|359.35400000000004|0.7601999999999995|122.91000000000001|8|3|0.6666666666666666|6|2|1|25|8|0.640839151584694|0.3477485501574143|3.70159793901294|0.379648786773868|1|0|False
1546.0|Cladribine|5-(6-amino-2-chloropurin-9-yl)-2-(hydroxymethyl)oxolan-3-ol |Nc1nc(Cl)nc2c1ncn2C1CC(O)C(CO)O1|19|285.69100000000003|-0.29740000000000044|119.31000000000002|8|3|0.5|2|3|2|19|6|0.6481668237451135|0.3813779140915048|3.622779613665122|0.7589084087510317|1|0|False
16886.0|Decitabine|4-amino-1-[4-hydroxy-5-(hydroxymethyl)oxolan-2-yl]-1,3,5-triazin-2-one|Nc1ncn(C2CC(O)C(CO)O2)c(=O)n1|16|228.20799999999997|-2.1388|123.49|8|3|0.625|2|2|1|16|6|0.5273624425093522|0.2441325945298081|3.643221050753482|1.1104565214827065|1|0|False
3385.0|Fluorouracil (5-Fluoracil, 5-FU)|5-fluoro-1H-pyrimidine-2,4-dione|O=c1[nH]cc(F)c(=O)[nH]1|9|130.078|-0.7977000000000001|65.72|2|2|0.0|0|1|1|9|0|0.482564502908463|0.22429291396082054|2.6590876226101727|-0.7992390609873111|1|0|False
248862.0|Nelarabine|2-(2-amino-6-methoxypurin-9-yl)-5-(hydroxymethyl)oxolane-3,4-diol|COc1nc(N)nc2c1ncn2C1OC(CO)C(O)C1O|21|297.271|-1.9713999999999994|148.76999999999998|10|4|0.5454545454545454|3|3|2|21|8|0.5056130599451503|0.23058502859583221|3.669441345268779|0.8720015392381619|1|0|False
354624.0|Clofarabine|5-(6-amino-2-chloropurin-9-yl)-4-fluoro-2-(hydroxymethyl)oxolan-3-ol|Nc1nc(Cl)nc2c1ncn2C1OC(CO)C(O)C1F|20|303.681|-0.34940000000000027|119.31000000000002|8|3|0.5|2|3|2|20|8|0.648649936215886|0.3883700063918832|3.8712345426538963|0.6251566198496301|1|0|False
3368.0|Fludarabine Phosphate|[5-(6-amino-2-fluoropurin-9-yl)-3,4-dihydroxyoxolan-2-yl]methyl dihydrogen phosphate|Nc1nc(F)nc2c1ncn2C1OC(COP(=O)(O)O)C(O)C1O|24|365.21400000000006|-1.7239000000000007|186.07|10|5|0.5|4|3|2|24|8|0.30617189529250766|0.17310948790732877|3.9840913898753945|1.0864995352244873|0|0|False
135605572.0|Entecavir Hydrate|2-amino-9-[4-hydroxy-3-(hydroxymethyl)-2-methylidenecyclopentyl]-1H-purin-6-one|C=C1C(CO)C(O)CC1n1cnc2c(=O)nc(N)[nH]c21|20|277.28399999999993|-0.8278000000000001|130.04999999999998|7|4|0.4166666666666667|2|3|2|20|6|0.5301148369563783|0.3229952345490085|4.052892286880503|0.9583882509483649|1|0|False
2754.0|Cilostazol|6-[4-(1-cyclohexyltetrazol-5-yl)butoxy]-3,4-dihydro-1H-quinolin-2-one|O=C1CCc2cc(OCCCCc3nnnn3C3CCCCC3)ccc2N1|27|369.4690000000002|3.4647000000000014|81.93|6|1|0.6|7|4|2|27|0|0.755913406639335|0.7771342880231443|2.508630577222638|-1.5209469226199739|1|0|False
3363.0|Floxuridine|5-fluoro-1-[4-hydroxy-5-(hydroxymethyl)oxolan-2-yl]pyrimidine-2,4-dione|O=c1[nH]c(=O)n(C2CC(O)C(CO)O2)cc1F|17|246.194|-1.6836|104.55000000000001|6|3|0.5555555555555556|2|2|1|17|6|0.5776171321259124|0.3356934148814366|3.473377071505359|0.6963745697774709|1|0|False
5386.0|Tegafur (FT-207, NSC 148958)|5-fluoro-1-(oxolan-2-yl)pyrimidine-2,4-dione|O=c1[nH]c(=O)n(C2CCCO2)cc1F|14|200.16899999999998|-0.015300000000000313|64.09|4|1|0.5|1|2|1|14|2|0.6927125296086032|0.3535172217146212|2.9469611714043964|-0.4032937319470785|1|0|False
5155.0|Stavudine (d4T)|1-[5-(hydroxymethyl)-2,5-dihydrofuran-2-yl]-5-methylpyrimidine-2,4-dione|Cc1cn(C2C=CC(CO)O2)c(=O)[nH]c1=O|16|224.21599999999998|-0.7090799999999999|84.32|5|2|0.4|2|2|1|16|4|0.6498890462135971|0.406330949617662|3.582011471393738|0.952976324214325|1|0|False
3367.0|Fludarabine|2-(6-amino-2-fluoropurin-9-yl)-5-(hydroxymethyl)oxolane-3,4-diol|Nc1nc(F)nc2c1ncn2C1OC(CO)C(O)C1O|20|285.235|-1.8409000000000002|139.54000000000002|9|4|0.5|2|3|2|20|8|0.47183364718578485|0.24118104715477695|3.742329367828722|1.06082713921308|1|0|False
5281078.0|Mycophenolate Mofetil|2-morpholin-4-ylethyl (E)-6-(4-hydroxy-6-methoxy-7-methyl-3-oxo-1H-2-benzofuran-5-yl)-4-methylhex-4-enoate|COc1c(C)c2c(c(O)c1CC=C(C)CCC(=O)OCCN1CCOCC1)C(=O)OC2|31|433.5010000000003|2.52402|94.53000000000002|8|1|0.5652173913043478|9|3|1|31|0|0.46901748000616883|0.37568520022091145|2.909809273894176|0.7259426339747483|1|0|False
191.0|Adenosine|2-(6-aminopurin-9-yl)-5-(hydroxymethyl)oxolane-3,4-diol|Nc1ncnc2c1ncn2C1OC(CO)C(O)C1O|19|267.245|-1.9800000000000006|139.54000000000002|9|4|0.5|2|3|2|19|8|0.49051986767922323|0.23617270345702296|3.5313095881349117|1.3138998457117157|1|0|False
1134.0|Telbivudine|1-[4-hydroxy-5-(hydroxymethyl)oxolan-2-yl]-5-methylpyrimidine-2,4-dione|Cc1cn(C2CC(O)C(CO)O2)c(=O)[nH]c1=O|17|242.23099999999997|-1.5142799999999992|104.54999999999998|6|3|0.6|2|2|1|17|6|0.5842742137821719|0.33499679157314843|3.3763667036123843|1.0380300294610116|1|0|False
135422442.0|Didanosine|9-[5-(hydroxymethyl)oxolan-2-yl]-1H-purin-6-one|O=c1[nH]cnc2c1ncn2C1CCC(CO)O1|17|236.23099999999997|-0.21050000000000008|93.03|6|2|0.5|2|3|2|17|4|0.7521450742487874|0.5432250422691189|3.611021286177671|0.6773893007177353|1|0|False
9837769.0|Emtricitabine|4-amino-5-fluoro-1-[2-(hydroxymethyl)-1,3-oxathiolan-5-yl]pyrimidin-2-one|Nc1nc(=O)n(C2CSC(CO)O2)cc1F|16|247.25099999999998|-0.4550000000000003|90.37|7|2|0.5|2|2|1|16|4|0.7349748054075844|0.3453875663184652|3.8873632196454855|0.6995396761378563|1|0|False
3387.0|Lamivudine|4-amino-1-[2-(hydroxymethyl)-1,3-oxathiolan-5-yl]pyrimidin-2-one|Nc1ccn(C2CSC(CO)O2)c(=O)n1|15|229.261|-0.5941000000000001|90.36999999999999|7|2|0.5|2|2|1|15|4|0.7038615838122525|0.3378624805129178|3.8064405703937787|1.4615989713898194|1|0|False
3461.0|Gemcitabine|4-amino-1-[3,3-difluoro-4-hydroxy-5-(hydroxymethyl)oxolan-2-yl]pyrimidin-2-one|Nc1ccn(C2OC(CO)C(O)C2(F)F)c(=O)n1|18|263.2|-1.2886|110.60000000000001|7|3|0.5555555555555556|2|2|1|18|6|0.6120873727300361|0.30156266317008307|3.8632725293690937|1.2986545260508495|1|0|False
5718.0|Zalcitabine|4-amino-1-[5-(hydroxymethyl)oxolan-2-yl]pyrimidin-2-one|Nc1ccn(C2CCC(CO)O2)c(=O)n1|15|211.22099999999998|-0.5046000000000002|90.36999999999999|6|2|0.5555555555555556|2|2|1|15|4|0.6875458801290977|0.3738843645665796|3.417990020943229|1.2753722241588197|1|0|False
4463.0|Nevirapine|2-cyclopropyl-7-methyl-2,4,9,15-tetrazatricyclo[9.4.0.03,8]pentadeca-1(11),3,5,7,12,14-hexaen-10-one|Cc1ccnc2c1NC(=O)c1cccnc1N2C1CC1|20|266.30400000000003|2.6512200000000004|58.120000000000005|4|1|0.26666666666666666|1|4|2|20|0|0.861716125086419|0.5536172692074276|2.5944323945817214|-0.24728332568993|1|0|False
253083.0|Trifluridine|1-[4-hydroxy-5-(hydroxymethyl)oxolan-2-yl]-5-(trifluoromethyl)pyrimidine-2,4-dione|O=c1[nH]c(=O)n(C2CC(O)C(CO)O2)cc1C(F)(F)F|20|296.20099999999996|-0.8039000000000001|104.55000000000001|6|3|0.6|2|2|1|20|6|0.6622919739385443|0.35932251164721696|3.6118403697410404|0.4994653045681|1|0|False
1805.0|Azacitidine|4-amino-1-[3,4-dihydroxy-5-(hydroxymethyl)oxolan-2-yl]-1,3,5-triazin-2-one|Nc1ncn(C2OC(CO)C(O)C2O)c(=O)n1|17|244.207|-3.1679999999999997|143.72000000000003|9|4|0.625|2|2|1|17|8|0.4262474653048269|0.16004433948003915|3.687407323630228|1.3188208399256056|1|0|False
191.0|Vidarabine|2-(6-aminopurin-9-yl)-5-(hydroxymethyl)oxolane-3,4-diol|Nc1ncnc2c1ncn2C1OC(CO)C(O)C1O|19|267.245|-1.9800000000000006|139.54000000000002|9|4|0.5|2|3|2|19|8|0.49051986767922323|0.23617270345702296|3.5313095881349117|1.3138998457117157|1|0|False
266934.0|AICAR (Acadesine)|5-amino-1-[3,4-dihydroxy-5-(hydroxymethyl)oxolan-2-yl]imidazole-4-carboxamide|NC(=O)c1ncn(C2OC(CO)C(O)C2O)c1N|18|258.23400000000004|-2.8242999999999996|156.85000000000002|8|5|0.5555555555555556|3|2|1|18|8|0.3908498923708794|0.14438999553237833|3.7095421627648637|0.8286879931867945|0|0|False
135398513.0|Aciclovir|2-amino-9-(2-hydroxyethoxymethyl)-1H-purin-6-one|Nc1nc2c(ncn2COCCO)c(=O)[nH]1|16|225.20799999999997|-1.3318000000000003|119.04999999999998|7|3|0.375|4|2|2|16|0|0.554385971786765|0.45613595294095116|2.7707884753483327|-0.10317179830629376|1|0|False
135398740.0|Ganciclovir|2-amino-9-(1,3-dihydroxypropan-2-yloxymethyl)-1H-purin-6-one|Nc1nc2c(ncn2COC(CO)CO)c(=O)[nH]1|18|255.23399999999998|-1.970899999999999|139.28|8|4|0.4444444444444444|5|2|2|18|0|0.4854930576221492|0.30914081370444985|2.9975492721457613|0.3788503786253501|1|0|False
3687.0|Idoxuridine|1-[4-hydroxy-5-(hydroxymethyl)oxolan-2-yl]-5-iodopyrimidine-2,4-dione|O=c1[nH]c(=O)n(C2CC(O)C(CO)O2)cc1I|17|354.1|-1.2181000000000002|104.55000000000001|6|3|0.5555555555555556|2|2|1|17|6|0.578029884636738|0.3781134158688138|3.6278549979267645|0.910464343233765|1|0|False
3657.0|Hydroxyurea|hydroxyurea|NC(=O)NO|5|76.05499999999999|-0.9561000000000002|75.35000000000001|2|3|0.0|0|0|0|5|0|0.25664360627911675|0.1190984427030672|2.5247164941764755|-0.31540413797906003|1|0|False
279063.0|Cyclocytidine HCl|4-(hydroxymethyl)-10-imino-3,7-dioxa-1,9-diazatricyclo[6.4.0.02,6]dodeca-8,11-dien-5-ol|N=c1ccn2c(n1)OC1C(O)C(CO)OC12|16|225.204|-1.62583|100.59000000000002|7|3|0.5555555555555556|1|3|1|16|8|0.5326902884382276|0.27411721766208946|4.446202327505897|1.497338959013144|1|0|False
1177.0|Uridine|1-[3,4-dihydroxy-5-(hydroxymethyl)oxolan-2-yl]pyrimidine-2,4-dione|O=c1ccn(C2OC(CO)C(O)C2O)c(=O)[nH]1|17|244.20300000000003|-2.8519|124.78|7|4|0.5555555555555556|2|2|1|17|8|0.4435105912731592|0.21867146597756254|3.4839049824931045|1.4898002285532645|1|0|False
3159.0|Doxifluridine|1-(3,4-dihydroxy-5-methyloxolan-2-yl)-5-fluoropyrimidine-2,4-dione|CC1OC(n2cc(F)c(=O)[nH]c2=O)C(O)C1O|17|246.19400000000002|-1.6851999999999996|104.55000000000001|6|3|0.5555555555555556|1|2|1|17|8|0.5484019207554993|0.3126320658718193|3.610332741690428|0.7868512061868354|1|0|False
596.0|Cytidine|4-amino-1-[3,4-dihydroxy-5-(hydroxymethyl)oxolan-2-yl]pyrimidin-2-one|Nc1ccn(C2OC(CO)C(O)C2O)c(=O)n1|17|243.21900000000002|-2.563|130.82999999999998|8|4|0.5555555555555556|2|2|1|17|8|0.4489304892314893|0.18860344125062514|3.548894614600127|1.6478124261033116|1|0|False
2691.0|CGS 21680 HCl|3-[4-[2-[[6-amino-9-[5-(ethylcarbamoyl)-3,4-dihydroxyoxolan-2-yl]purin-2-yl]amino]ethyl]phenyl]propanoic acid|CCNC(=O)C1OC(n2cnc3c(N)nc(NCCc4ccc(CCC(=O)O)cc4)nc32)C(O)C1O|36|499.52800000000025|-0.16439999999999827|197.73999999999995|11|6|0.43478260869565216|10|4|3|36|8|0.21654103037466466|0.1239959413009151|3.773892423920943|0.05996866085087501|0|0|False
135402034.0|Guanosine|2-amino-9-[3,4-dihydroxy-5-(hydroxymethyl)oxolan-2-yl]-1H-purin-6-one|Nc1nc2c(ncn2C2OC(CO)C(O)C2O)c(=O)[nH]1|20|283.24399999999997|-2.6867000000000005|159.51|9|5|0.5|2|3|2|20|8|0.3981374161148042|0.16955766100498496|3.720175521674877|1.2488959303664646|0|0|False
135402037.0|Inosine|9-[3,4-dihydroxy-5-(hydroxymethyl)oxolan-2-yl]-1H-purin-6-one|O=c1[nH]cnc2c1ncn2C1OC(CO)C(O)C1O|19|268.229|-2.2689|133.49|8|4|0.5|2|3|2|19|8|0.4822946675996651|0.27226976952981763|3.7484460177430403|1.1878722340647632|1|0|False
5064.0|Ribavirin|1-[3,4-dihydroxy-5-(hydroxymethyl)oxolan-2-yl]-1,2,4-triazole-3-carboxamide|NC(=O)c1ncn(C2OC(CO)C(O)C2O)n1|17|244.20700000000002|-3.0114999999999994|143.72000000000003|8|4|0.625|3|2|1|17|8|0.44284203167437103|0.19640354038822913|3.8687708687807296|0.6906384280796763|1|0|False
5726.0|Zidovudine|1-[4-azido-5-(hydroxymethyl)oxolan-2-yl]-5-methylpyrimidine-2,4-dione|Cc1cn(C2CC(N=[N+]=[N-])C(CO)O2)c(=O)[nH]c1=O|19|267.245|-0.19628000000000012|133.07999999999998|6|2|0.6|3|2|1|19|6|0.4454004294146897|0.3925697774093064|3.849317511398737|0.8935864361663792|1|0|True
91302628.0|Sofosbuvir (PSI-7977, GS-7977)|propan-2-yl 2-[[[5-(2,4-dioxopyrimidin-1-yl)-4-fluoro-3-hydroxy-4-methyloxolan-2-yl]methoxy-phenoxyphosphoryl]amino]propanoate|CC(C)OC(=O)C(C)NP(=O)(OCC1OC(n2ccc(=O)[nH]c2=O)C(C)(F)C1O)Oc1ccccc1|36|529.4580000000002|1.6565000000000003|158.17999999999995|10|3|0.5|10|3|2|36|12|0.30528322976796235|0.29165853488216725|4.375073076955571|0.24310435922934737|0|0|False
214347.0|Dapivirine (TMC120)|4-[[4-(2,4,6-trimethylanilino)pyrimidin-2-yl]amino]benzonitrile|Cc1cc(C)c(Nc2ccnc(Nc3ccc(C#N)cc3)n2)c(C)c1|25|329.4070000000001|4.760740000000003|73.63|5|2|0.15|4|3|3|25|0|0.7216163650237382|0.8678943244497731|2.2542436522113114|-1.5749294902855966|1|0|False
352992.0|Clevudine|1-[3-fluoro-4-hydroxy-5-(hydroxymethyl)oxolan-2-yl]-5-methylpyrimidine-2,4-dione|Cc1cn(C2OC(CO)C(O)C2F)c(=O)[nH]c1=O|18|260.221|-1.5662799999999997|104.54999999999998|6|3|0.6|2|2|1|18|8|0.5958623283349754|0.3413235419835224|3.6783565858417866|0.7867064816243999|1|0|False
193962.0|Etravirine (TMC125)|4-[6-amino-5-bromo-2-(4-cyanoanilino)pyrimidin-4-yl]oxy-3,5-dimethylbenzonitrile|Cc1cc(C#N)cc(C)c1Oc1nc(Nc2ccc(C#N)cc2)nc(N)c1Br|28|435.2850000000001|4.717400000000002|120.63999999999999|7|2|0.1|4|3|3|28|0|0.6084537970432328|0.7274550650547328|2.701548964781006|-1.0535754913840394|1|0|False
1869.0|N6-methyladenosine (m6A)|2-(hydroxymethyl)-5-[6-(methylamino)purin-9-yl]oxolane-3,4-diol|CNc1ncnc2c1ncn2C1OC(CO)C(O)C1O|20|281.272|-1.5205000000000009|125.55000000000001|9|4|0.5454545454545454|3|3|2|20|8|0.5342275014319904|0.2703216790234994|3.6073528343621897|1.041930725635605|1|0|False
248010.0|Cordycepin|2-(6-aminopurin-9-yl)-5-(hydroxymethyl)oxolan-3-ol|Nc1ncnc2c1ncn2C1OC(CO)CC1O|18|251.24599999999998|-0.9508000000000008|119.31000000000002|8|3|0.5|2|3|2|18|6|0.628993302830891|0.36275129625779995|3.6322713415862893|1.3733080654408107|1|0|False
4602.0|Osalmid|2-hydroxy-N-(4-hydroxyphenyl)benzamide|O=C(Nc1ccc(O)cc1)c1ccccc1O|17|229.23499999999999|2.3501000000000007|69.56|3|3|0.0|2|2|2|17|0|0.6921374334367943|0.46153746799921075|1.5130819664559425|-0.744133777598706|1|0|False
9679.0|4-Amino-5-imidazolecarboxamide|4-amino-1H-imidazole-5-carboxamide|NC(=O)c1nc[nH]c1N|9|126.119|-0.9092000000000005|97.79|3|3|0.0|1|1|1|9|0|0.4539721011557528|0.2552272944309776|2.9954741610717104|-0.5140951039502445|1|0|False
135402019.0|2'-Deoxyinosine| 9-[4-hydroxy-5-(hydroxymethyl)oxolan-2-yl]-1H-purin-6-one|O=c1[nH]cnc2c1ncn2C1CC(O)C(CO)O1|18|252.23|-1.2397000000000002|113.26|7|3|0.5|2|3|2|18|6|0.6158237953049276|0.4186149308280351|3.709847812174523|0.9179637393863056|1|0|False
72830388.0|Valganciclovir HCl|[2-[(2-amino-6-oxo-4,5-dihydro-1H-purin-9-yl)methoxy]-3-hydroxypropyl] 2-amino-3-methylbutanoate|CC(C)C(N)C(=O)OCC(CO)OCN1C=NC2C(=O)NC(N)=NC21|25|356.38300000000004|-2.668999999999996|164.86|10|4|0.7142857142857143|8|2|0|25|8|0.3418489997940892|0.10362369303515996|4.612915133583076|0.8576886024449053|0|0|False
135398748.0|Penciclovir|2-amino-9-[4-hydroxy-3-(hydroxymethyl)butyl]-1H-purin-6-one|Nc1nc(=O)c2ncn(CCC(CO)CO)c2[nH]1|18|253.26199999999997|-1.3073|130.05|7|4|0.5|5|2|2|18|0|0.5232780259906572|0.36417216397814534|2.885575425991915|-0.025008256510316646|1|0|False
135403646.0|Azaguanine-8|5-amino-2,6-dihydrotriazolo[4,5-d]pyrimidin-7-one|Nc1nc2[nH]nnc2c(=O)[nH]1|11|152.11700000000002|-1.3766000000000003|113.34|5|3|0.0|0|2|2|11|0|0.4303161239320503|0.4073247679104095|3.506466837537925|-0.6790146471510455|1|0|False
22138239.0|Ademetionine disulfate tosylate|2-amino-4-[[5-(6-aminopurin-9-yl)-3,4-dihydroxyoxolan-2-yl]methyl-methylsulfonio]butanoate|C[S+](CCC(N)C(=O)[O-])CC1OC(n2cnc3c(N)ncnc32)C(O)C1O|27|398.4450000000001|-3.256899999999996|185.45999999999998|11|4|0.6|7|3|2|27|12|0.34496993620130295|0.2235483545193125|4.7565494434378035|0.9079142947079224|0|0|False
3203.0|Efavirenz|6-chloro-4-(2-cyclopropylethynyl)-4-(trifluoromethyl)-1H-3,1-benzoxazin-2-one|O=C1Nc2ccc(Cl)cc2C(C#CC2CC2)(C(F)(F)F)O1|21|315.67799999999994|4.073100000000001|38.33|2|1|0.35714285714285715|0|3|1|21|2|0.7328090954055055|0.2532354094918868|3.5657078249547665|0.06666647788737144|1|0|False
72661.0|Nicotinamide N-oxide|1-oxidopyridin-1-ium-3-carboxamide|NC(=O)c1ccc[n+]([O-])c1|10|138.12599999999998|-0.5811|70.03|2|1|0.0|1|1|1|10|0|0.4162538873709143|0.23477866525463617|2.587100135906283|-1.3023827034912496|1|0|False
1134.0|Thymidine|1-[4-hydroxy-5-(hydroxymethyl)oxolan-2-yl]-5-methylpyrimidine-2,4-dione|Cc1cn(C2CC(O)C(CO)O2)c(=O)[nH]c1=O|17|242.23099999999997|-1.5142799999999992|104.54999999999998|6|3|0.6|2|2|1|17|6|0.5842742137821719|0.33499679157314843|3.3763667036123843|1.0380300294610116|1|0|False
1177.0|Uracil 1-?-D-arabinofuranoside|1-[3,4-dihydroxy-5-(hydroxymethyl)oxolan-2-yl]pyrimidine-2,4-dione|O=c1ccn(C2OC(CO)C(O)C2O)c(=O)[nH]1|17|244.20300000000003|-2.8519|124.78|7|4|0.5555555555555556|2|2|1|17|8|0.4435105912731592|0.21867146597756254|3.4839049824931045|1.4898002285532645|1|0|False
98961.0|2,2'-Cyclouridine|5-hydroxy-4-(hydroxymethyl)-3,7-dioxa-1,9-diazatricyclo[6.4.0.02,6]dodeca-8,11-dien-10-one|O=c1ccn2c(n1)OC1C(O)C(CO)OC12|16|226.18800000000002|-1.7451000000000005|93.81000000000002|7|2|0.5555555555555556|1|3|1|16|8|0.589765502233582|0.30625756971028406|4.082753096736665|1.3490016836473129|1|0|False
5353599.0|Brivudine|5-[(E)-2-bromoethenyl]-1-[4-hydroxy-5-(hydroxymethyl)oxolan-2-yl]pyrimidine-2,4-dione|O=c1[nH]c(=O)n(C2CC(O)C(CO)O2)cc1C=CBr|19|333.13800000000003|-0.45710000000000006|104.55000000000001|6|3|0.45454545454545453|3|2|1|19|6|0.6945612204028229|0.40567778230739426|3.850417215540748|1.1374943613292103|1|0|False
23700083.0|Ganciclovir sodium|2-amino-9-(1,3-dihydroxypropan-2-yloxymethyl)purin-6-olate|Nc1nc([O-])c2ncn(COC(CO)CO)c2n1|18|254.22599999999997|-2.1905999999999994|142.37|9|3|0.4444444444444444|5|2|2|18|0|0.545640459838781|0.34612172025925764|3.4886751182996063|0.03842276244240006|1|0|False
5136.0|Ademetionine|2-amino-4-[[5-(6-aminopurin-9-yl)-3,4-dihydroxyoxolan-2-yl]methyl-methylsulfonio]butanoate|C[S+](CCC(N)C(=O)[O-])CC1OC(n2cnc3c(N)ncnc32)C(O)C1O|27|398.4450000000001|-3.256899999999996|185.45999999999998|11|4|0.6|7|3|2|27|12|0.34496993620130295|0.2235483545193125|4.7565494434378035|0.9079142947079224|0|0|False
1971.0|Abacavir|[4-[2-amino-6-(cyclopropylamino)purin-9-yl]cyclopent-2-en-1-yl]methanol|Nc1nc(NC2CC2)c2ncn(C3C=CC(CO)C3)c2n1|21|286.33900000000006|1.0922999999999998|101.88|7|3|0.5|4|4|2|21|4|0.7272302824304794|0.532844209200051|3.688999973120933|0.026597937866581003|1|0|False
135605572.0|Entecavir|2-amino-9-[4-hydroxy-3-(hydroxymethyl)-2-methylidenecyclopentyl]-1H-purin-6-one|C=C1C(CO)C(O)CC1n1cnc2c(=O)nc(N)[nH]c21|20|277.28399999999993|-0.8278000000000001|130.04999999999998|7|4|0.4166666666666667|2|3|2|20|6|0.5301148369563783|0.3229952345490085|4.052892286880503|0.9583882509483649|1|0|False
224.0|Adenosine 5'-monophosphate monohydrate|[5-(6-aminopurin-9-yl)-3,4-dihydroxyoxolan-2-yl]methyl dihydrogen phosphate|Nc1ncnc2c1ncn2C1OC(COP(=O)(O)O)C(O)C1O|23|347.224|-1.8630000000000009|186.07|10|5|0.5|4|3|2|23|8|0.39017854457244017|0.17004544392240475|3.8048894493072236|1.2966757882455953|0|0|False
191.0|Vidarabine monohydrate|2-(6-aminopurin-9-yl)-5-(hydroxymethyl)oxolane-3,4-diol|Nc1ncnc2c1ncn2C1OC(CO)C(O)C1O|19|267.245|-1.9800000000000006|139.54000000000002|9|4|0.5|2|3|2|19|8|0.49051986767922323|0.23617270345702296|3.5313095881349117|1.3138998457117157|1|0|False
44399265.0|PSI-6206 (RO-2433, GS-331007)|1-[3-fluoro-4-hydroxy-5-(hydroxymethyl)-3-methyloxolan-2-yl]pyrimidine-2,4-dione|CC1(F)C(O)C(CO)OC1n1ccc(=O)[nH]c1=O|18|260.221|-1.4846000000000001|104.54999999999998|6|3|0.6|2|2|1|18|8|0.6009771935170747|0.3417002787027479|3.9142777396879405|1.009482945923539|1|0|False
22451303.0|Regadenoson|1-[6-amino-9-[3,4-dihydroxy-5-(hydroxymethyl)oxolan-2-yl]purin-2-yl]-N-methylpyrazole-4-carboxamide|CNC(=O)c1cnn(-c2nc(N)c3ncn(C4OC(CO)C(O)C4O)c3n2)c1|28|390.36000000000007|-2.4346999999999985|186.45999999999998|12|5|0.4|4|4|3|28|8|0.32033113268604546|0.16974155969442686|3.8655802133882755|-0.1474028333819392|0|0|False
56640146.0|Dasabuvir(ABT-333)|N-[6-[3-tert-butyl-5-(2,4-dioxopyrimidin-1-yl)-2-methoxyphenyl]naphthalen-2-yl]methanesulfonamide|COc1c(-c2ccc3cc(NS(C)(=O)=O)ccc3c2)cc(-n2ccc(=O)[nH]c2=O)cc1C(C)(C)C|35|493.58500000000026|4.023600000000002|110.25999999999999|6|2|0.23076923076923078|5|4|4|35|0|0.4363022246167922|0.771847321512829|2.7135256012508666|-0.6786278979178144|1|1|False
4483256.0|Cimicifugoside|[2-hydroxy-1,4',6',12',17',17'-hexamethyl-18'-(3,4,5-trihydroxyoxan-2-yl)oxyspiro[3,6-dioxabicyclo[3.1.0]hexane-4,8'-9-oxahexacyclo[11.9.0.01,21.04,12.05,10.016,21]docos-13-ene]-3'-yl] acetate|CC(=O)OC1CC23CC24CCC(OC2OCC(O)C(O)C2O)C(C)(C)C4CC=C3C2(C)CC3OC4(CC(C)C3C12C)OC(O)C1(C)OC41|48|674.8280000000003|2.9487000000000005|156.67000000000002|11|4|0.918918918918919|3|9|0|48|36|0.1983763747315937|0.09644092817770795|7.190522840793108|3.4998626023441517|0|0|False
640.0|2â€™-deoxyuridine|1-[4-hydroxy-5-(hydroxymethyl)oxolan-2-yl]pyrimidine-2,4-dione|O=c1ccn(C2CC(O)C(CO)O2)c(=O)[nH]1|16|228.20399999999998|-1.8226999999999993|104.55000000000001|6|3|0.5555555555555556|2|2|1|16|6|0.552382719533219|0.32881089343575925|3.4575535682360012|1.247112165436718|1|0|False
596.0|Cytarabine hydrochloride|4-amino-1-[3,4-dihydroxy-5-(hydroxymethyl)oxolan-2-yl]pyrimidin-2-one|Nc1ccn(C2OC(CO)C(O)C2O)c(=O)n1|17|243.21900000000002|-2.563|130.82999999999998|8|4|0.5555555555555556|2|2|1|17|8|0.4489304892314893|0.18860344125062514|3.548894614600127|1.6478124261033116|1|0|False
5375662.0|trans-Zeatin-riboside|2-(hydroxymethyl)-5-[6-[[(E)-4-hydroxy-3-methylbut-2-enyl]amino]purin-9-yl]oxolane-3,4-diol|CC(=CCNc1ncnc2c1ncn2C1OC(CO)C(O)C1O)CO|25|351.36300000000006|-1.2117|145.78|10|5|0.5333333333333333|6|3|2|25|8|0.40449115551681625|0.20327430040647024|3.9559301432792626|1.339358707119148|1|0|False
1835.0|5-Methyl-2'-deoxycytidine|4-amino-1-[4-hydroxy-5-(hydroxymethyl)oxolan-2-yl]-5-methylpyrimidin-2-one|Cc1cn(C2CC(O)C(CO)O2)c(=O)nc1N|17|241.24699999999996|-1.2253799999999995|110.6|7|3|0.6|2|2|1|17|6|0.5979214123745736|0.29479101867497837|3.566450315652517|1.1019204230282296|1|0|False
53398647.0|Cytidine 5?-triphosphate (disodium salt)|[[[5-(4-amino-2-oxopyrimidin-1-yl)-3,4-dihydroxyoxolan-2-yl]methoxy-hydroxyphosphoryl]oxy-oxidophosphoryl] hydrogen phosphate |Nc1ccn(C2OC(COP(=O)(O)OP(=O)([O-])OP(=O)([O-])O)C(O)C2O)c(=O)n1|29|481.14000000000016|-3.4759999999999986|276.0799999999999|15|5|0.5555555555555556|8|2|1|29|14|0.22541264416469642|0.1419968753465064|5.071692352902783|1.1942632211265276|0|0|False
262543.0|5-Methylcytidine|4-amino-1-[3,4-dihydroxy-5-(hydroxymethyl)oxolan-2-yl]-5-methylpyrimidin-2-one|Cc1cn(C2OC(CO)C(O)C2O)c(=O)nc1N|18|257.246|-2.2545799999999994|130.83|8|4|0.6|2|2|1|18|8|0.4701900203991378|0.19188032083627155|3.6185412012264013|1.2991831736939943|1|0|False
249989.0|5-Methyluridine|1-[3,4-dihydroxy-5-(hydroxymethyl)oxolan-2-yl]-5-methylpyrimidine-2,4-dione|Cc1cn(C2OC(CO)C(O)C2O)c(=O)[nH]c1=O|18|258.23|-2.5434799999999993|124.78|7|4|0.6|2|2|1|18|8|0.4628801121855684|0.22236210404580592|3.4482133166110174|1.2290593987107328|1|0|False
13401.0|3-Hydroxypicolinic acid|3-hydroxypyridine-2-carboxylic acid|O=C(O)c1ncccc1O|10|139.10999999999999|0.4853999999999999|70.42|3|2|0.0|1|1|1|10|0|0.5933874162122502|0.298934256110774|2.01811039231654|-0.41014214009500005|1|0|False
4349538.0|NADH, disodium salt hydrate|[[5-(6-aminopurin-9-yl)-3,4-dihydroxyoxolan-2-yl]methoxy-oxidophosphoryl] [5-(3-carbamoyl-4H-pyridin-1-yl)-3,4-dihydroxyoxolan-2-yl]methyl phosphate|NC(=O)C1=CN(C2OC(COP(=O)([O-])OP(=O)([O-])OCC3OC(n4cnc5c(N)ncnc54)C(O)C3O)C(O)C2O)C=CC1|44|663.4300000000004|-3.950399999999993|323.2800000000001|20|6|0.5238095238095238|11|5|2|44|20|0.12490354999455602|0.11711205769249591|5.678699754875055|0.6523253136204249|0|0|False
5625.0|Delavirdine (mesylate)|N-[2-[4-[3-(propan-2-ylamino)pyridin-2-yl]piperazine-1-carbonyl]-1H-indol-5-yl]methanesulfonamide|CC(C)Nc1cccnc1N1CCN(C(=O)c2cc3cc(NS(C)(=O)=O)ccc3[nH]2)CC1|32|456.5720000000002|2.7171000000000003|110.43|6|3|0.36363636363636365|6|4|3|32|0|0.5260863337385334|0.7849383937725847|2.5284878962420905|-1.7469754852284307|1|0|False
254731.0|uridine triacetate|[3,4-diacetyloxy-5-(2,4-dioxopyrimidin-1-yl)oxolan-2-yl]methyl acetate|CC(=O)OCC1OC(n2ccc(=O)[nH]c2=O)C(OC(C)=O)C1OC(C)=O|26|370.31400000000014|-1.1394999999999988|142.99|10|1|0.5333333333333333|5|2|1|26|8|0.5022752412372868|0.27310239595191593|3.644050594368478|1.1717654190198035|0|0|False
58460047.0|Doravirine (MK-1439)|3-chloro-5-[1-[(4-methyl-5-oxo-1H-1,2,4-triazol-3-yl)methyl]-2-oxo-4-(trifluoromethyl)pyridin-3-yl]oxybenzonitrile|Cn1c(Cn2ccc(C(F)(F)F)c(Oc3cc(Cl)cc(C#N)c3)c2=O)n[nH]c1=O|29|425.7540000000001|2.654580000000001|105.69999999999999|7|1|0.17647058823529413|4|3|3|29|0|0.6914051268589833|0.7336281656644693|3.0219252915309625|-1.6455219788390623|1|0|False
76450047.0|SGC 0946|1-[3-[[5-(4-amino-5-bromopyrrolo[2,3-d]pyrimidin-7-yl)-3,4-dihydroxyoxolan-2-yl]methyl-propan-2-ylamino]propyl]-3-(4-tert-butylphenyl)urea|CC(C)N(CCCNC(=O)Nc1ccc(C(C)(C)C)cc1)CC1OC(n2cc(Br)c3c(N)ncnc32)C(O)C1O|40|618.5770000000002|3.614900000000002|150.79|9|5|0.5357142857142857|9|4|3|40|8|0.22841744599826647|0.22982258021111773|4.078247297329462|-0.7007523337719948|0|0|False
328839.0|Zebularine|1-[3,4-dihydroxy-5-(hydroxymethyl)oxolan-2-yl]pyrimidin-2-one|O=c1ncccn1C1OC(CO)C(O)C1O|16|228.204|-2.1451999999999996|104.81000000000002|7|3|0.5555555555555556|2|2|1|16|8|0.5330176479739586|0.29115142413250616|3.5563030967366647|0.9772741509174374|1|0|False
6451164.0|Rilpivirine|4-[[4-[4-[(E)-2-cyanoethenyl]-2,6-dimethylanilino]pyrimidin-2-yl]amino]benzonitrile|Cc1cc(C=CC#N)cc(C)c1Nc1ccnc(Nc2ccc(C#N)cc2)n1|28|366.4280000000001|4.989100000000003|97.42|6|2|0.09090909090909091|5|3|3|28|0|0.6174794624332792|0.8431090497228149|2.682510236970355|-1.1293515643212821|1|0|False
76450046.0|EPZ004777|1-[3-[[5-(4-aminopyrrolo[2,3-d]pyrimidin-7-yl)-3,4-dihydroxyoxolan-2-yl]methyl-propan-2-ylamino]propyl]-3-(4-tert-butylphenyl)urea|CC(C)N(CCCNC(=O)Nc1ccc(C(C)(C)C)cc1)CC1OC(n2ccc3c(N)ncnc32)C(O)C1O|39|539.6810000000004|2.8524000000000007|150.79|9|5|0.5357142857142857|9|4|3|39|8|0.26053822184509995|0.24195225681633897|3.956960961496261|-0.6697887882081127|0|0|False
4984.0|Puromycin 2HCl|2-amino-N-[5-[6-(dimethylamino)purin-9-yl]-4-hydroxy-2-(hydroxymethyl)oxolan-3-yl]-3-(4-methoxyphenyl)propanamide|COc1ccc(CC(N)C(=O)NC2C(CO)OC(n3cnc4c(N(C)C)ncnc43)C2O)cc1|34|471.5180000000002|-0.7936999999999972|160.88|11|4|0.45454545454545453|8|4|3|34|10|0.32750374532544374|0.2740730496068429|3.938746143561504|0.4059082870695618|0|0|False
5468049.0|Triapine|[(Z)-(3-aminopyridin-2-yl)methylideneamino]thiourea|NC(=S)NN=Cc1ncccc1N|13|195.251|-0.16910000000000014|89.32|4|3|0.0|2|1|1|13|0|0.3461858313292753|0.3468357875734713|2.880743596162672|-1.803547330412908|1|0|False
74405855.0|VER155008|4-[[5-[6-amino-8-[(3,4-dichlorophenyl)methylamino]purin-9-yl]-3,4-dihydroxyoxolan-2-yl]methoxymethyl]benzonitrile|N#Cc1ccc(COCC2OC(n3c(NCc4ccc(Cl)c(Cl)c4)nc4c(N)ncnc43)C(O)C2O)cc1|38|556.4100000000003|3.0350800000000007|164.35999999999999|11|4|0.28|8|5|4|38|8|0.2535931056491399|0.25407821914119455|3.881323921608492|-0.48547704742053677|0|0|False
3032861.0|6-Thio-dG|2-amino-9-[4-hydroxy-5-(hydroxymethyl)oxolan-2-yl]-3H-purine-6-thione|Nc1nc(=S)c2ncn(C3CC(O)C(CO)O3)c2[nH]1|19|283.313|-0.28821000000000024|122.21000000000001|8|4|0.5|2|3|2|19|6|0.5585666589379309|0.29376434618526803|3.8831343306462536|0.7695013335480106|1|0|False
23712387.0|8-Bromo-cAMP|6-(6-amino-8-bromopurin-9-yl)-2-oxido-2-oxo-4a,6,7,7a-tetrahydro-4H-furo[3,2-d][1,3,2]dioxaphosphinin-7-ol|Nc1ncnc2c1nc(Br)n2C1OC2COP(=O)([O-])OC2C1O|23|407.0970000000001|-0.6869000000000003|157.67|11|2|0.5|1|4|2|23|10|0.4580747351009518|0.28611028834400404|4.886716744658878|0.5502166703091175|0|0|False
16760396.0|Dibutyryl-cAMP (Bucladesine)|[6-[6-(butanoylamino)purin-9-yl]-2-oxido-2-oxo-4a,6,7,7a-tetrahydro-4H-furo[3,2-d][1,3,2]dioxaphosphinin-7-yl] butanoate|CCCC(=O)Nc1ncnc2c1ncn2C1OC2COP(=O)([O-])OC2C1OC(=O)CCC|32|468.3830000000003|1.057999999999999|166.82|12|1|0.6111111111111112|7|4|2|32|10|0.45563025867212836|0.35203094284843184|4.558877319850212|0.39303810441434994|0|0|False
236184.0|Bromodeoxyuridine (BrdU)|5-bromo-1-[4-hydroxy-5-(hydroxymethyl)oxolan-2-yl]pyrimidine-2,4-dione|O=c1[nH]c(=O)n(C2CC(O)C(CO)O2)cc1Br|17|307.1|-1.0602|104.55000000000001|6|3|0.5555555555555556|2|2|1|17|6|0.6458903815058055|0.3614417237796252|3.5611586768565298|0.865449848697765|1|0|False
409805.0|NSC 23766|6-N-[2-[5-(diethylamino)pentan-2-ylamino]-6-methylpyrimidin-4-yl]-2-methylquinoline-4,6-diamine|CCN(CC)CCCC(C)Nc1nc(C)cc(Nc2ccc3nc(C)cc(N)c3c2)n1|31|421.5930000000002|4.889840000000003|91.99|7|3|0.4583333333333333|10|3|3|31|2|0.42909503459369336|0.5500110053919122|3.111060885927593|-1.299117956324184|1|0|False
5604.0|Tubercidin|2-(4-aminopyrrolo[2,3-d]pyrimidin-7-yl)-5-(hydroxymethyl)oxolane-3,4-diol|Nc1ncnc2c1ccn2C1OC(CO)C(O)C1O|19|266.25699999999995|-1.3750000000000007|126.65|8|4|0.45454545454545453|2|3|2|19|8|0.5275658981283201|0.2793960532890429|3.649636728918657|1.0957341600283055|1|0|False
5270.0|SQ22536|9-(oxolan-2-yl)purin-6-amine|Nc1ncnc2c1ncn2C1CCCO1|15|205.22099999999995|0.7174999999999998|78.85000000000001|6|1|0.4444444444444444|1|3|2|15|2|0.7415418091420238|0.5011659803359577|2.957435140772226|0.09555946645130006|1|0|False
1830.0|5-Iodotubercidin|2-(4-amino-5-iodopyrrolo[2,3-d]pyrimidin-7-yl)-5-(hydroxymethyl)oxolane-3,4-diol|Nc1ncnc2c1c(I)cn2C1OC(CO)C(O)C1O|20|392.1530000000001|-0.7703999999999998|126.65|8|4|0.45454545454545453|2|3|2|20|8|0.4946949398053289|0.31898773411320597|3.8417019552413096|0.9361303704689201|1|0|False
137795344.0|LLY-284|2-(4-aminopyrrolo[2,3-d]pyrimidin-7-yl)-5-[hydroxy(phenyl)methyl]oxolane-3,4-diol|Nc1ncnc2c1ccn2C1OC(C(O)c2ccccc2)C(O)C1O|25|342.355|0.3663000000000001|126.65|8|4|0.29411764705882354|3|4|3|25|10|0.5413254255627207|0.37218328519283805|3.804013205830268|0.7875002540522721|1|0|False
22608122.0|A-317491|5-[(3-phenoxyphenyl)methyl-(1,2,3,4-tetrahydronaphthalen-1-yl)carbamoyl]benzene-1,2,4-tricarboxylic acid|O=C(O)c1cc(C(=O)O)c(C(=O)N(Cc2cccc(Oc3ccccc3)c2)C2CCCc3ccccc32)cc1C(=O)O|42|565.5780000000003|6.293500000000005|141.43999999999997|5|3|0.15151515151515152|9|5|4|42|2|0.21488624386430227|0.5815074358568025|3.049057713232612|-0.6471647529123546|0|1|False
135402018.0|2'-Deoxyguanosine monohydrate|2-amino-9-[4-hydroxy-5-(hydroxymethyl)oxolan-2-yl]-1H-purin-6-one|Nc1nc2c(ncn2C2CC(O)C(CO)O2)c(=O)[nH]1|19|267.24499999999995|-1.6575000000000002|139.28|8|4|0.5|2|3|2|19|6|0.5103728382686842|0.269347900063449|3.674451892329852|0.9964049194238052|1|0|False
3479482.0|Khasianine|2-[4,5-dihydroxy-2-(hydroxymethyl)-6-(5',7,9,13-tetramethylspiro[5-oxapentacyclo[10.8.0.02,9.04,8.013,18]icos-18-ene-6,2'-piperidine]-16-yl)oxyoxan-3-yl]oxy-6-methyloxane-3,4,5-triol|CC1CCC2(NC1)OC1CC3C4CC=C5CC(OC6OC(CO)C(OC7OC(C)C(O)C(O)C7O)C(O)C6O)CCC5(C)C4CCC3(C)C1C2C|51|721.9289999999999|1.9629000000000019|179.56|12|7|0.9487179487179487|5|8|0|51|42|0.20575693831306613|0.05320714136035518|6.299089879544575|2.778465708811112|0|0|False
223996.0|Isoguanosine|6-amino-9-[3,4-dihydroxy-5-(hydroxymethyl)oxolan-2-yl]-1H-purin-2-one|Nc1nc(=O)[nH]c2c1ncn2C1OC(CO)C(O)C1O|20|283.244|-2.6866999999999996|159.51|9|5|0.5|2|3|2|20|8|0.39813741611480424|0.16955766100498496|3.9266040531434063|1.0924191136221846|0|0|False
636.0|2'-Deoxyadenosine monohydrate|5-(6-aminopurin-9-yl)-2-(hydroxymethyl)oxolan-3-ol|Nc1ncnc2c1ncn2C1CC(O)C(CO)O1|18|251.24599999999998|-0.9508000000000003|119.31000000000002|8|3|0.5|2|3|2|18|6|0.628993302830891|0.36275129625779995|3.4841962284641177|1.0509928850136445|1|0|False
224.0|5'-Adenylic acid|[5-(6-aminopurin-9-yl)-3,4-dihydroxyoxolan-2-yl]methyl dihydrogen phosphate|Nc1ncnc2c1ncn2C1OC(COP(=O)(O)O)C(O)C1O|23|347.224|-1.8630000000000009|186.07|10|5|0.5|4|3|2|23|8|0.39017854457244017|0.17004544392240475|3.8048894493072236|1.2966757882455953|0|0|False
197.0|ADP|[5-(6-aminopurin-9-yl)-3,4-dihydroxyoxolan-2-yl]methyl phosphono hydrogen phosphate|Nc1ncnc2c1ncn2C1OC(COP(=O)(O)OP(=O)(O)O)C(O)C1O|27|427.20300000000003|-1.7460000000000009|232.59999999999997|12|6|0.5|6|3|2|27|10|0.28079075856620234|0.1854502601232538|4.125297661526227|1.3883535027781002|0|0|False
1189.0|Xanthosine Dihydrate|9-[3,4-dihydroxy-5-(hydroxymethyl)oxolan-2-yl]-3H-purine-2,6-dione|O=c1[nH]c(=O)c2ncn(C3OC(CO)C(O)C3O)c2[nH]1|20|284.228|-2.9755999999999996|153.46|8|5|0.5|2|3|2|20|8|0.39414005568585614|0.19608362822222536|3.7807159412552958|1.01042710944925|1|0|False
1172.0|Uridine 5'-monophosphate| [5-(2,4-dioxopyrimidin-1-yl)-3,4-dihydroxyoxolan-2-yl]methyl dihydrogen phosphate|O=c1ccn(C2OC(COP(=O)(O)O)C(O)C2O)c(=O)[nH]1|21|324.182|-2.7349|171.31|8|5|0.5555555555555556|4|2|1|21|8|0.3684552666679203|0.15597877417689962|3.7734762637985257|1.4404129497273093|0|0|False
5270766.0|Besifovir| [1-[(2-aminopurin-9-yl)methyl]cyclopropyl]oxymethylphosphonic acid|Nc1ncc2ncn(CC3(OCP(=O)(O)O)CC3)c2n1|20|299.2270000000001|0.09289999999999987|136.38|7|3|0.5|5|3|2|20|0|0.6607224923488081|0.4978291568100905|3.3061717394473806|-0.07424561820598499|1|0|False
135398661.0|3-Methyladenine (3-MA)|3-methyl-7H-purin-6-imine|Cn1cnc(N)c2ncnc1-2|11|149.15699999999998|-0.1029000000000001|69.62|5|1|0.16666666666666666|0|2|0|11|0|0.56733716665046|0.2032784259567452|2.723105050937429|-0.6977762718276544|1|0|False
1188.0|2,6-Dihydroxypurine|3,7-dihydropurine-2,6-dione|O=c1[nH]c(=O)c2[nH]cnc2[nH]1|11|152.113|-1.0605000000000004|94.4|3|3|0.0|0|2|2|11|0|0.44866812387763694|0.35339783622062465|2.855621676247601|-0.5009022124224091|1|0|False
93556.0|Dihydrothymine|5-methyl-1,3-diazinane-2,4-dione|CC1CNC(=O)NC1=O|9|128.131|-0.5381|58.2|2|2|0.6|0|1|0|9|2|0.46007898954400794|0.1326482996202467|3.3119003089141454|0.44655419103448896|1|0|False
667490.0|6-Mercaptopurine (6-MP) Monohydrate|3,7-dihydropurine-6-thione|S=c1nc[nH]c2nc[nH]c12|10|152.182|1.0154899999999998|57.36|3|2|0.0|0|2|2|10|0|0.5538546640663037|0.401710178865939|3.3698736107073435|-0.5813401541192601|1|0|False
5359277.0|6-Chloropurine|6-chloro-7H-purine|Clc1ncnc2[nH]cnc12|10|154.56|1.0062999999999998|54.46|3|1|0.0|0|2|2|10|0|0.5764610700745062|0.39268763760375136|2.8791181730415616|-0.8371085619823599|1|0|False
3758.0|IBMX|1-methyl-3-(2-methylpropyl)-7H-purine-2,6-dione|CC(C)Cn1c(=O)n(C)c(=O)c2nc[nH]c21|16|222.248|0.07929999999999976|72.68|5|1|0.5|2|2|2|16|0|0.7816409579492779|0.5763174668836328|2.741826113988761|-0.5844837553057187|1|0|False
3134.0|6-(Dimethylamino)purine|N,N-dimethyl-7H-purin-6-amine|CN(C)c1ncnc2nc[nH]c12|12|163.18400000000003|0.4189|57.7|4|1|0.2857142857142857|1|2|2|12|0|0.6614854966833106|0.4787635273265147|2.72771441208657|-1.0546352869607836|1|0|False
66950.0|Isocytosine|2-amino-1H-pyrimidin-6-one|Nc1nccc(=O)[nH]1|8|111.10399999999998|-0.6479000000000001|71.77|3|2|0.0|0|1|1|8|0|0.4670416161550293|0.27448926713621147|2.683688749895339|-0.2670902200110874|1|0|False
940.0|Nicotinamide Riboside Chloride (NIAGEN)|1-[3,4-dihydroxy-5-(hydroxymethyl)oxolan-2-yl]pyridin-1-ium-3-carboxamide|NC(=O)c1ccc[n+](C2OC(CO)C(O)C2O)c1|18|255.25|-2.3154999999999983|116.89000000000001|5|4|0.45454545454545453|3|2|1|18|8|0.45250669782783515|0.2942152228724691|3.86876227657962|0.937203306924639|1|0|False
537159.0|Solasonine|2-[5-hydroxy-6-(hydroxymethyl)-2-(5',7,9,13-tetramethylspiro[5-oxapentacyclo[10.8.0.02,9.04,8.013,18]icos-18-ene-6,2'-piperidine]-16-yl)oxy-4-[3,4,5-trihydroxy-6-(hydroxymethyl)oxan-2-yl]oxyoxan-3-yl]oxy-6-methyloxane-3,4,5-triol|CC1CCC2(NC1)OC1CC3C4CC=C5CC(OC6OC(CO)C(O)C(OC7OC(CO)C(O)C(O)C7O)C6OC6OC(C)C(O)C(O)C6O)CCC5(C)C4CCC3(C)C1C2C|62|884.07|-0.2128999999999921|258.71|17|10|0.9555555555555556|8|9|0|62|52|0.14154743306960962|0.051891635005697746|6.761253268994176|2.31431842126156|0|0|False
437080.0|Solamargine|2-[4-hydroxy-2-(hydroxymethyl)-6-(5',7,9,13-tetramethylspiro[5-oxapentacyclo[10.8.0.02,9.04,8.013,18]icos-18-ene-6,2'-piperidine]-16-yl)oxy-5-(3,4,5-trihydroxy-6-methyloxan-2-yl)oxyoxan-3-yl]oxy-6-methyloxane-3,4,5-triol|CC1CCC2(NC1)OC1CC3C4CC=C5CC(OC6OC(CO)C(OC7OC(C)C(O)C(O)C7O)C(O)C6OC6OC(C)C(O)C(O)C6O)CCC5(C)C4CCC3(C)C1C2C|61|868.071|0.8147000000000062|238.47999999999996|16|9|0.9555555555555556|7|9|0|61|52|0.16112638285309447|0.05545407431461643|6.750529522128671|2.3842641223563397|0|0|False
240980.0|2'-Deoxy-5-Fluorocytidine|4-amino-5-fluoro-1-[4-hydroxy-5-(hydroxymethyl)oxolan-2-yl]pyrimidin-2-one|Nc1nc(=O)n(C2CC(O)C(CO)O2)cc1F|17|245.20999999999998|-1.3947000000000003|110.60000000000001|7|3|0.5555555555555556|2|2|1|17|6|0.5910181091914157|0.2952824050893773|3.606938275518738|0.7886448709701591|1|0|False
284240.0|3'-Fluoro-3'-deoxythymidine (Alovudine)|1-[4-fluoro-5-(hydroxymethyl)oxolan-2-yl]-5-methylpyrimidine-2,4-dione|Cc1cn(C2CC(F)C(CO)O2)c(=O)[nH]c1=O|17|244.22199999999998|-0.53708|84.32|5|2|0.6|2|2|1|17|6|0.731622172408428|0.41646450691211045|3.586677740401681|0.507872196497247|1|0|False
137795344.0|LLY-283|2-(4-aminopyrrolo[2,3-d]pyrimidin-7-yl)-5-[hydroxy(phenyl)methyl]oxolane-3,4-diol|Nc1ncnc2c1ccn2C1OC(C(O)c2ccccc2)C(O)C1O|25|342.355|0.3663000000000001|126.65|8|4|0.29411764705882354|3|4|3|25|10|0.5413254255627207|0.37218328519283805|3.804013205830268|0.7875002540522721|1|0|False
155886644.0|EIDD-2801|[3,4-dihydroxy-5-[4-(hydroxyamino)-2-oxopyrimidin-1-yl]oxolan-2-yl]methyl 2-methylpropanoate|CC(C)C(=O)OCC1OC(n2ccc(=NO)[nH]c2=O)C(O)C1O|23|329.309|-1.7152999999999974|146.37|9|4|0.6153846153846154|4|2|1|23|8|0.29191347249939087|0.20002777173354394|4.189860275255468|1.2390387878063869|1|0|False
1651.0|3-Deazaadenosine hydrochloride|2-(4-aminoimidazo[4,5-c]pyridin-1-yl)-5-(hydroxymethyl)oxolane-3,4-diol |Nc1nccc2c1ncn2C1OC(CO)C(O)C1O|19|266.257|-1.3750000000000007|126.65|8|4|0.45454545454545453|2|3|2|19|8|0.5275658981283201|0.2793960532890429|3.656019022097176|1.2390070639558106|1|0|False
|Uridine 5-diphosphoglucose disodium salt|[[(2R,3S,4R,5R)-5-(2,4-dioxopyrimidin-1-yl)-3,4-dihydroxyoxolan-2-yl]methoxy-[(2R,3S,4S,5R)-1,3,4,5-tetrahydroxy-6-oxohexan-2-yl]oxyphosphoryl] phosphate|O=CC(O)C(O)C(O)C(CO)OP(=O)(OCC1OC(n2ccc(=O)[nH]c2=O)C(O)C1O)OP(=O)([O-])[O-]|36|564.2860000000002|-6.215099999999993|310.48999999999995|18|7|0.6666666666666666|13|2|1|36|18|0.08650496257970032|0.08720964070568987|5.369017676264923|1.3690714143354032|0|0|False
70639.0|3-Methylxanthine|3-methyl-7H-purine-2,6-dione|Cn1c(=O)[nH]c(=O)c2[nH]cnc21|12|166.14|-1.0501000000000005|83.54|4|2|0.16666666666666666|0|2|2|12|0|0.5233953855323817|0.4649418539506477|2.6826240788903544|-0.9379367321269417|1|0|False
72386069.0|Acelarin (NUC-1031)|benzyl 2-[[[5-(4-amino-2-oxopyrimidin-1-yl)-4,4-difluoro-3-hydroxyoxolan-2-yl]methoxy-phenoxyphosphoryl]amino]propanoate|CC(NP(=O)(OCC1OC(n2ccc(N)nc2=O)C(F)(F)C1O)Oc1ccccc1)C(=O)OCc1ccccc1|40|580.4810000000003|2.6443000000000003|164.22999999999996|11|3|0.32|11|4|3|40|10|0.22561375399287723|0.27837300531820436|4.196538827820978|0.34838553412737994|0|0|False
135401907.0|Allopurinol|1,5-dihydropyrazolo[3,4-d]pyrimidin-4-one|O=c1ncnc2[nH][nH]cc1-2|10|136.11399999999998|-0.4022000000000001|74.43|3|2|0.0|0|2|0|10|0|0.5169670612450268|0.16887078714484646|3.3223383321927544|0.49540116952077007|1|0|False
3366.0|Flucytosine|6-amino-5-fluoro-1H-pyrimidin-2-one|Nc1nc(=O)[nH]cc1F|9|129.09399999999997|-0.5088000000000001|71.77|3|2|0.0|0|1|1|9|0|0.4952172017431901|0.27854681358196376|3.1539953149178643|-0.7210492950621221|1|0|False
60871.0|Adefovir Dipivoxil|[2-(6-aminopurin-9-yl)ethoxymethyl-(2,2-dimethylpropanoyloxymethoxy)phosphoryl]oxymethyl 2,2-dimethylpropanoate|CC(C)(C)C(=O)OCOP(=O)(COCCn1cnc2c(N)ncnc21)OCOC(=O)C(C)(C)C|34|501.47700000000026|2.7025000000000006|166.97999999999996|13|1|0.65|11|2|2|34|0|0.2071524581096599|0.26242117414727406|3.2764101894129833|-0.33118745107923225|0|0|False
2265.0|Azathioprine| 6-(3-methyl-5-nitroimidazol-4-yl)sulfanyl-7H-purine|Cn1cnc([N+](=O)[O-])c1Sc1ncnc2nc[nH]c12|19|277.269|1.1457999999999997|115.41999999999999|8|1|0.1111111111111111|3|3|3|19|0|0.43328794180573177|0.5104763505055192|3.144692533268106|-1.257220744395016|1|0|False
2723601.0|Thioguanine|2-amino-3,7-dihydropurine-6-thione|Nc1nc(=S)c2[nH]cnc2[nH]1|11|167.197|0.5976899999999998|83.38|4|3|0.0|0|2|2|11|0|0.5014913838271434|0.43666862873652124|3.3037189467190657|-0.34551430559848184|1|0|False
135483437.0|Valaciclovir HCl|2-[(2-amino-6-oxo-1H-purin-9-yl)methoxy]ethyl 2-amino-3-methylbutanoate|CC(C)C(N)C(=O)OCCOCn1cnc2c(=O)[nH]c(N)nc21|23|324.341|-0.7975999999999985|151.14000000000004|9|3|0.5384615384615384|7|2|2|23|2|0.44214276395859164|0.3730958971915234|3.2609439427942917|-0.16316017429853905|1|0|False
657298.0|Propylthiouracil|6-propyl-2-sulfanylidene-1H-pyrimidin-4-one|CCCc1cc(=O)[nH]c(=S)[nH]1|11|170.237|1.38499|48.65|2|2|0.42857142857142855|2|1|1|11|0|0.6587322532597096|0.2559861332659623|2.683909567066461|-0.9512439041419182|1|0|False
3830.0|Kinetin|N-(furan-2-ylmethyl)-7H-purin-6-amine|c1coc(CNc2ncnc3nc[nH]c23)c1|16|215.216|1.5579999999999996|79.63|5|2|0.1|3|3|3|16|0|0.6925924860226649|0.711699598509513|2.490935013809871|-1.402265304972444|1|0|False
3324.0|Famciclovir|[2-(acetyloxymethyl)-4-(2-aminopurin-9-yl)butyl] acetate|CC(=O)OCC(CCn1cnc2cnc(N)nc21)COC(C)=O|23|321.33700000000016|0.5409999999999998|122.22|9|1|0.5|7|2|2|23|0|0.733115342152729|0.45204840142043734|2.806858282589218|-0.19600642021383782|1|0|False
1269845.0|2-Thiouracil|2-sulfanylidene-1H-pyrimidin-4-one |O=c1cc[nH]c(=S)[nH]1|8|128.156|0.43249|48.65|2|2|0.0|0|1|1|8|0|0.49770208173400393|0.21652997475728783|3.059775463182052|-0.5315741715414|1|0|False
667493.0|Methylthiouracil|6-methyl-2-sulfanylidene-1H-pyrimidin-4-one|Cc1cc(=O)[nH]c(=S)[nH]1|9|142.18300000000002|0.74091|48.65|2|2|0.2|0|1|1|9|0|0.5247689157489369|0.2203039974925121|3.0118414687640174|-1.153615214888089|1|0|False
1174.0|Uracil|1H-pyrimidine-2,4-dione|O=c1cc[nH]c(=O)[nH]1|8|112.088|-0.9368000000000001|65.72|2|2|0.0|0|1|1|8|0|0.4546939811074878|0.22106494195155435|2.763417421224011|0.034934357644975|1|0|False
62389.0|6-Benzylaminopurine|N-benzyl-7H-purin-6-amine|c1ccc(CNc2ncnc3nc[nH]c23)cc1|17|225.25500000000002|1.9649999999999996|66.49000000000001|4|2|0.08333333333333333|3|3|3|17|0|0.7147392861192281|0.6930151711707544|2.118574274148248|-0.9996364494840941|1|0|False
597.0|Cytosine|6-amino-1H-pyrimidin-2-one|Nc1cc[nH]c(=O)n1|8|111.104|-0.6479000000000001|71.77000000000001|3|2|0.0|0|1|1|8|0|0.4670416161550293|0.27448926713621147|3.295071966678556|0.31089129653276254|1|0|False
4564.0|NU2058|6-(cyclohexylmethoxy)-7H-purin-2-amine|Nc1nc(OCC2CCCCC2)c2nc[nH]c2n1|18|247.30199999999996|1.8941999999999999|89.71|5|2|0.5833333333333334|3|3|2|18|0|0.8640548613284358|0.6675384454567892|2.7087684013184763|-0.5693644300994334|1|0|False
99920.0|Adenosine Dialdehyde (ADOX)|2-[1-(6-aminopurin-9-yl)-2-oxoethoxy]-3-hydroxypropanal|Nc1ncnc2c1ncn2C(C=O)OC(C=O)CO|19|265.229|-1.3176|133.22|9|2|0.3|6|2|2|19|4|0.6142899241146795|0.40414391704379254|4.0613930320623375|0.27190180955298426|1|0|False
1135.0|Thymine|5-methyl-1H-pyrimidine-2,4-dione|Cc1c[nH]c(=O)[nH]c1=O|9|126.115|-0.6283800000000002|65.72|2|2|0.2|0|1|1|9|0|0.4857813089921775|0.22442590613459015|2.4711895456870963|-0.39816338972551113|1|0|False
393593.0|Namodenoson (CF-102)|5-[2-chloro-6-[(3-iodophenyl)methylamino]purin-9-yl]-3,4-dihydroxy-N-methyloxolane-2-carboxamide|CNC(=O)C1OC(n2cnc3c(NCc4cccc(I)c4)nc(Cl)nc32)C(O)C1O|30|544.7370000000002|1.061599999999999|134.42|9|4|0.3333333333333333|5|4|3|30|8|0.27679674050364184|0.3780075367245393|3.858289643137513|-0.35311044843938993|0|0|False
190.0|Adenine|7H-purin-6-amine|Nc1ncnc2[nH]cnc12|10|135.13|-0.0648999999999999|80.48|4|2|0.0|0|2|2|10|0|0.5296759293780585|0.46383358553871024|2.745044432988511|-0.22216883360209003|1|0|False
22041878.0|2'-Deoxyuridine 5'-monophosphate disodium salt|[5-(2,4-dioxopyrimidin-1-yl)-3-hydroxyoxolan-2-yl]methyl phosphate|O=c1ccn(C2CC(O)C(COP(=O)([O-])[O-])O2)c(=O)[nH]1|20|306.167|-2.9696999999999987|156.74|9|2|0.5555555555555556|4|2|1|20|6|0.5581147155997511|0.2665509998411342|4.253945014153231|0.8390224194285251|1|0|False
621.0|2'-Deoxyadenosine 5'-monophosphate|[5-(6-aminopurin-9-yl)-3-hydroxyoxolan-2-yl]methyl dihydrogen phosphate|Nc1ncnc2c1ncn2C1CC(O)C(COP(=O)(O)O)O1|22|331.225|-0.8338000000000003|165.83999999999997|9|4|0.5|4|3|2|22|6|0.518964726677587|0.2703973142533638|3.7330177714088277|1.0058182745873498|0|0|False
624.0|2'-Deoxycytidine 5'-monophosphate|[5-(4-amino-2-oxopyrimidin-1-yl)-3-hydroxyoxolan-2-yl]methyl dihydrogen phosphate|Nc1ccn(C2CC(O)C(COP(=O)(O)O)O2)c(=O)n1|20|307.199|-1.4168|157.13|8|4|0.5555555555555556|4|2|1|20|6|0.48991422293348935|0.21590188566756152|3.7558655269737438|1.3705532333776147|1|0|False
193.0|S-Adenosyl-L-homocysteine (SAH)|2-amino-4-[[5-(6-aminopurin-9-yl)-3,4-dihydroxyoxolan-2-yl]methylsulfanyl]butanoic acid|Nc1ncnc2c1ncn2C1OC(CSCCC(N)C(=O)O)C(O)C1O|26|384.41800000000006|-1.4370999999999983|182.62999999999997|11|5|0.5714285714285714|7|3|2|26|10|0.3524104766503097|0.1706266479700945|3.9878562207640913|0.8322716321994499|0|0|False
5513.0|Tomatine|2-[2-[4,5-dihydroxy-2-(hydroxymethyl)-6-(5',7,9,13-tetramethylspiro[5-oxapentacyclo[10.8.0.02,9.04,8.013,18]icosane-6,2'-piperidine]-16-yl)oxyoxan-3-yl]oxy-5-hydroxy-6-(hydroxymethyl)-4-(3,4,5-trihydroxyoxan-2-yl)oxyoxan-3-yl]oxy-6-(hydroxymethyl)oxane-3,4,5-triol|CC1CCC2(NC1)OC1CC3C4CCC5CC(OC6OC(CO)C(OC7OC(CO)C(O)C(OC8OCC(O)C(O)C8O)C7OC7OC(CO)C(O)C(O)C7O)C(O)C6O)CCC5(C)C4CCC3(C)C1C2C|72|1034.2000000000003|-2.6972999999999807|337.86|22|13|1.0|11|10|0|72|62|0.09370727646314425|0.03741186437663462|7.196015861300958|2.0025666159277615|0|0|False
4739.0|Pentostatin|3-[4-hydroxy-5-(hydroxymethyl)oxolan-2-yl]-7,8-dihydro-4H-imidazo[4,5-d][1,3]diazepin-8-ol|OCC1OC(n2cnc3c2NC=NCC3O)CC1O|19|268.273|-0.9890000000000005|112.13000000000001|8|4|0.6363636363636364|2|3|1|19|8|0.5477635402256686|0.20674293672099894|4.441045872605159|1.0618509123565736|1|0|False
263976.0|2',3'-Dideoxyadenosine|[5-(6-aminopurin-9-yl)oxolan-2-yl]methanol|Nc1ncnc2c1ncn2C1CCC(CO)O1|17|235.24699999999996|0.07839999999999986|99.08000000000001|7|2|0.5|2|3|2|17|4|0.7642641295225605|0.4804378807684162|3.37615943374439|0.818243690205506|1|0|False
1599.0|Puromycin aminonucleoside|4-amino-2-[6-(dimethylamino)purin-9-yl]-5-(hydroxymethyl)oxolan-3-ol|CN(C)c1ncnc2c1ncn2C1OC(CO)C(N)C1O|21|294.315|-1.5297999999999983|122.55000000000001|9|3|0.5833333333333334|3|3|2|21|8|0.6229174346076342|0.35532968935631826|3.892502883730317|0.5775648178855525|1|0|False
3461.0|Gemcitabine|4-amino-1-[3,3-difluoro-4-hydroxy-5-(hydroxymethyl)oxolan-2-yl]pyrimidin-2-one|Nc1ccn(C2OC(CO)C(O)C2(F)F)c(=O)n1|18|263.2|-1.2886|110.60000000000001|7|3|0.5555555555555556|2|2|1|18|6|0.6120873727300361|0.30156266317008307|3.8632725293690937|1.2986545260508495|1|0|False
4213.0|Mizoribine|1-[3,4-dihydroxy-5-(hydroxymethyl)oxolan-2-yl]-5-hydroxyimidazole-4-carboxamide|NC(=O)c1ncn(C2OC(CO)C(O)C2O)c1O|18|259.218|-2.7009|151.06|8|5|0.5555555555555556|3|2|1|18|8|0.3957886051129175|0.147172771208249|3.773041201226402|0.9518781068023058|0|0|False
596.0|Cytarabine|4-amino-1-[3,4-dihydroxy-5-(hydroxymethyl)oxolan-2-yl]pyrimidin-2-one|Nc1ccn(C2OC(CO)C(O)C2O)c(=O)n1|17|243.21900000000002|-2.563|130.82999999999998|8|4|0.5555555555555556|2|2|1|17|8|0.4489304892314893|0.18860344125062514|3.548894614600127|1.6478124261033116|1|0|False
24208296.0|ATP disodium|[[[5-(6-aminopurin-9-yl)-3,4-dihydroxyoxolan-2-yl]methoxy-hydroxyphosphoryl]oxy-oxidophosphoryl] hydrogen phosphate|Nc1ncnc2c1ncn2C1OC(COP(=O)(O)OP(=O)([O-])OP(=O)([O-])O)C(O)C1O|31|505.1660000000001|-2.8929999999999993|284.79|16|5|0.5|8|3|2|31|14|0.22489036963823456|0.2003365594519469|5.011918199029612|1.0168482980546354|0|0|False
925.0|NAD+| [[5-(6-aminopurin-9-yl)-3,4-dihydroxyoxolan-2-yl]methoxy-hydroxyphosphoryl] [5-(3-carbamoylpyridin-1-ium-1-yl)-3,4-dihydroxyoxolan-2-yl]methyl phosphate|NC(=O)c1ccc[n+](C2OC(COP(=O)([O-])OP(=O)(O)OCC3OC(n4cnc5c(N)ncnc54)C(O)C3O)C(O)C2O)c1|44|663.4300000000004|-3.6478999999999964|321.0900000000001|18|7|0.47619047619047616|11|5|3|44|20|0.0767773571622719|0.12396315529857062|5.338067205606141|0.7011583949037886|0|0|False
9896099.0|Abacavir sulfate|[(1S,4R)-4-[2-amino-6-(cyclopropylamino)purin-9-yl]cyclopent-2-en-1-yl]methanol|Nc1nc(NC2CC2)c2ncn(C3C=CC(CO)C3)c2n1|21|286.33900000000006|1.0922999999999998|101.88|7|3|0.5|4|4|2|21|4|0.7272302824304794|0.532844209200051|3.688999973120933|0.026597937866581003|1|0|False
3743107.0|Citicoline sodium|[[5-(4-amino-2-oxopyrimidin-1-yl)-3,4-dihydroxyoxolan-2-yl]methoxy-oxidophosphoryl] 2-(trimethylazaniumyl)ethyl phosphate|C[N+](C)(C)CCOP(=O)([O-])OP(=O)([O-])OCC1OC(n2ccc(N)nc2=O)C(O)C1O|31|487.3190000000002|-2.862499999999996|218.55|14|3|0.7142857142857143|10|2|1|31|12|0.22357629050096392|0.11977524271877953|5.089091608912945|1.1662562054042096|0|0|False
156610574.0|Cangrelor Tetrasodium|[dichloro(phosphonato)methyl]-[[3,4-dihydroxy-5-[6-(2-methylsulfanylethylamino)-2-(3,3,3-trifluoropropylsulfanyl)purin-9-yl]oxolan-2-yl]methoxy-oxidophosphoryl]oxyphosphinate|CSCCNc1nc(SCCC(F)(F)F)nc2c1ncn2C1OC(COP(=O)([O-])OP(=O)([O-])C(Cl)(Cl)P(=O)([O-])[O-])C(O)C1O|44|772.3340000000004|0.32249999999999895|267.23|19|3|0.7058823529411765|15|3|2|44|12|0.0723261808950979|0.21464495331026204|5.531489339568375|-0.1466218200172386|0|0|False
3986128.0|Flavin mononucleotide|[5-(7,8-dimethyl-2,4-dioxobenzo[g]pteridin-10-yl)-2,3,4-trihydroxypentyl] hydrogen phosphate|Cc1cc2nc3c(=O)[nH]c(=O)nc-3n(CC(O)C(O)C(O)COP(=O)([O-])O)c2cc1C|31|455.3400000000002|-2.2385599999999988|210.92|11|5|0.4117647058823529|7|3|1|31|8|0.18980818802860375|0.10778902916070311|4.425392476983317|0.08008486944120105|0|0|False
4661174.0|?-Nicotinamide Mononucleotide|[5-(3-carbamoylpyridin-1-ium-1-yl)-3,4-dihydroxyoxolan-2-yl]methyl hydrogen phosphate|NC(=O)c1ccc[n+](C2OC(COP(=O)([O-])O)C(O)C2O)c1|22|334.22099999999995|-2.830499999999999|166.25|7|4|0.45454545454545453|5|2|1|22|10|0.33008457497205185|0.2491576086775115|4.570243080664501|0.7442067405707499|1|0|False
13013858.0|Citicholine|[[5-(4-amino-2-oxopyrimidin-1-yl)-3,4-dihydroxyoxolan-2-yl]methoxy-hydroxyphosphoryl] 2-(trimethylazaniumyl)ethyl phosphate|C[N+](C)(C)CCOP(=O)([O-])OP(=O)(O)OCC1OC(n2ccc(N)nc2=O)C(O)C1O|31|488.32700000000017|-2.2304999999999957|215.71999999999997|13|4|0.7142857142857143|10|2|1|31|12|0.20278188342870285|0.09819520093202008|4.814314685836021|1.371965225840339|0|0|False
314.0|5'-Cytidylic acid|[5-(4-amino-2-oxopyrimidin-1-yl)-3,4-dihydroxyoxolan-2-yl]methyl dihydrogen phosphate|Nc1ccn(C2OC(COP(=O)(O)O)C(O)C2O)c(=O)n1|21|323.19800000000004|-2.446|177.36|9|5|0.5555555555555556|4|2|1|21|8|0.3735901348140529|0.13458832466329937|3.826860604457865|1.5683275858392525|0|0|False
5644.0|UTP, Trisodium Salt|[[[5-(2,4-dioxopyrimidin-1-yl)-3,4-dihydroxyoxolan-2-yl]methoxy-oxidophosphoryl]oxy-oxidophosphoryl] hydrogen phosphate|O=c1ccn(C2OC(COP(=O)([O-])OP(=O)([O-])OP(=O)([O-])O)C(O)C2O)c(=O)[nH]1|29|481.1160000000001|-4.396899999999998|272.86|15|4|0.5555555555555556|8|2|1|29|14|0.2551718313877904|0.18854093107244396|5.328826360999949|0.9171505343682239|0|0|False
136005379.0|Inosine 5?-triphosphate trisodium salt|[[[3,4-dihydroxy-5-(6-oxo-1H-purin-9-yl)oxolan-2-yl]methoxy-oxidophosphoryl]oxy-oxidophosphoryl] hydrogen phosphate|O=c1[nH]cnc2c1ncn2C1OC(COP(=O)([O-])OP(=O)([O-])OP(=O)([O-])O)C(O)C1O|31|505.1420000000001|-3.8139|281.57|16|4|0.5|8|3|2|31|14|0.2500591032919711|0.2656860254054147|5.422037939530075|0.769043034145274|0|0|False
135441845.0|Guanosine 5'-monophosphate disodium salt|[5-(2-amino-6-oxo-1H-purin-9-yl)-3,4-dihydroxyoxolan-2-yl]methyl phosphate|Nc1nc(=O)c2ncn(C3OC(COP(=O)([O-])[O-])C(O)C3O)c2[nH]1|24|361.20700000000005|-3.8336999999999994|211.7|12|4|0.5|4|3|2|24|8|0.38704670523942886|0.17415969497343173|4.404662987508528|0.877560502907929|0|0|False
197.0|Adenosine 5?-diphosphate sodium salt|[5-(6-aminopurin-9-yl)-3,4-dihydroxyoxolan-2-yl]methyl phosphono hydrogen phosphate|Nc1ncnc2c1ncn2C1OC(COP(=O)(O)OP(=O)(O)O)C(O)C1O|27|427.20300000000003|-1.7460000000000009|232.59999999999997|12|6|0.5|6|3|2|27|10|0.28079075856620234|0.1854502601232538|4.125297661526227|1.3883535027781002|0|0|False
44134852.0|Triphosphopyridine nucleotide disodium salt|[2-(6-aminopurin-9-yl)-5-[[[[5-(3-carbamoylpyridin-1-ium-1-yl)-3,4-dihydroxyoxolan-2-yl]methoxy-oxidophosphoryl]oxy-oxidophosphoryl]oxymethyl]-4-hydroxyoxolan-3-yl] hydrogen phosphate|NC(=O)c1ccc[n+](C2OC(COP(=O)([O-])OP(=O)([O-])OCC3OC(n4cnc5c(N)ncnc54)C(OP(=O)([O-])O)C3O)C(O)C2O)c1|48|741.3930000000005|-4.794899999999992|373.2800000000001|21|6|0.47619047619047616|13|5|3|48|22|0.07066446785799431|0.11623903144299709|5.927167227885624|0.5859635499812229|0|0|False
137795696.0|Diquafosol Tetrasodium|[[5-(2,4-dioxopyrimidin-1-yl)-3,4-dihydroxyoxolan-2-yl]methoxy-oxidophosphoryl] [[[5-(2,4-dioxopyrimidin-1-yl)-3,4-dihydroxyoxolan-2-yl]methoxy-oxidophosphoryl]oxy-oxidophosphoryl] phosphate|O=c1ccn(C2OC(COP(=O)([O-])OP(=O)([O-])OP(=O)([O-])OP(=O)([O-])OCC3OC(n4ccc(=O)[nH]c4=O)C(O)C3O)C(O)C2O)c(=O)[nH]1|49|786.2750000000004|-6.718199999999994|415.7700000000001|25|6|0.5555555555555556|14|4|2|49|24|0.09690594623547874|0.1005939099621791|6.025108139184198|0.5218458453224182|0|0|False
258.0|Blasticidin S|3-[[3-amino-5-[carbamimidoyl(methyl)amino]pentanoyl]amino]-6-(4-amino-2-oxopyrimidin-1-yl)-3,6-dihydro-2H-pyran-2-carboxylic acid |CN(CCC(N)CC(=O)NC1C=CC(n2ccc(N)nc2=O)OC1C(=O)O)C(=N)N|30|422.44600000000025|-2.2187299999999945|215.67|9|6|0.47058823529411764|8|2|1|30|8|0.150577431129479|0.10154891406114437|4.490427372075242|1.0509590801570832|0|0|False
135545622.0|Disodium 5'-Inosinate|[3,4-dihydroxy-5-(6-oxo-1H-purin-9-yl)oxolan-2-yl]methyl phosphate|O=c1[nH]cnc2c1ncn2C1OC(COP(=O)([O-])[O-])C(O)C1O|23|346.192|-3.4158999999999984|185.67999999999998|11|3|0.5|4|3|2|23|8|0.4706220858439375|0.2667159039917633|4.448493844911617|0.9150235712723259|0|0|False
4014956.0|Disodium uridine-5'-monophosphate|[5-(2,4-dioxopyrimidin-1-yl)-3,4-dihydroxyoxolan-2-yl]methyl phosphate|O=c1ccn(C2OC(COP(=O)([O-])[O-])C(O)C2O)c(=O)[nH]1|21|322.166|-3.9988999999999972|176.97|10|3|0.5555555555555556|4|2|1|21|8|0.4658768727043418|0.2057858099091487|4.292027087974349|1.133455884639928|0|0|False
24208296.0|Adenosine disodium triphosphate|[[[5-(6-aminopurin-9-yl)-3,4-dihydroxyoxolan-2-yl]methoxy-hydroxyphosphoryl]oxy-oxidophosphoryl] hydrogen phosphate|Nc1ncnc2c1ncn2C1OC(COP(=O)(O)OP(=O)([O-])OP(=O)([O-])O)C(O)C1O|31|505.1660000000001|-2.8929999999999993|284.79|16|5|0.5|8|3|2|31|14|0.22489036963823456|0.2003365594519469|5.011918199029612|1.0168482980546354|0|0|False
65040.0|5-Methylcytosine|6-amino-5-methyl-1H-pyrimidin-2-one|Cc1cnc(=O)[nH]c1N|9|125.131|-0.33948000000000017|71.77|3|2|0.2|0|1|1|9|0|0.4979194736965626|0.27879359761277905|2.819639545687096|-0.4087731108036112|1|0|False
135432442.0|Guanosine 5'-triphosphate trisodium salt|[[[5-(2-amino-6-oxo-1H-purin-9-yl)-3,4-dihydroxyoxolan-2-yl]methoxy-hydroxyphosphoryl]oxy-oxidophosphoryl] phosphate|Nc1nc2c(ncn2C2OC(COP(=O)(O)OP(=O)([O-])OP(=O)([O-])[O-])C(O)C2O)c(=O)[nH]1|32|520.1570000000002|-4.231699999999997|307.59|17|5|0.5|8|3|2|32|12|0.2058114066028432|0.198961655563169|5.131529164316129|0.9874606492575717|0|0|False
4073694.0|Thymidine 5'-monophosphate disodium salt|[3-hydroxy-5-(5-methyl-2,4-dioxopyrimidin-1-yl)oxolan-2-yl]methyl phosphate|Cc1cn(C2CC(O)C(COP(=O)([O-])[O-])O2)c(=O)[nH]c1=O|21|320.194|-2.6612799999999988|156.73999999999998|9|2|0.6|4|2|1|21|6|0.5689477538848637|0.27086147634366586|4.168970366666491|0.6891982972581047|1|0|False
135545622.0|Disodium 5'-inosinate monohydrate|[3,4-dihydroxy-5-(6-oxo-1H-purin-9-yl)oxolan-2-yl]methyl phosphate|O=c1[nH]cnc2c1ncn2C1OC(COP(=O)([O-])[O-])C(O)C1O|23|346.192|-3.4158999999999984|185.67999999999998|11|3|0.5|4|3|2|23|8|0.4706220858439375|0.2667159039917633|4.448493844911617|0.9150235712723259|0|0|False
44287897.0|Uridine-5'-diphosphate disodium salt|[[5-(2,4-dioxopyrimidin-1-yl)-3,4-dihydroxyoxolan-2-yl]methoxy-oxidophosphoryl] hydrogen phosphate |O=c1ccn(C2OC(COP(=O)([O-])OP(=O)([O-])O)C(O)C2O)c(=O)[nH]1|25|402.14500000000004|-3.881899999999999|223.49999999999997|12|4|0.5555555555555556|6|2|1|25|12|0.33530080341395063|0.10747213319277059|4.854100270601977|1.0638946198671397|0|0|False
238.0|ATP|[[5-(6-aminopurin-9-yl)-3,4-dihydroxyoxolan-2-yl]methoxy-hydroxyphosphoryl] phosphono hydrogen phosphate|Nc1ncnc2c1ncn2C1OC(COP(=O)(O)OP(=O)(O)OP(=O)(O)O)C(O)C1O|31|507.1820000000001|-1.629000000000001|279.13|14|7|0.5|8|3|2|31|12|0.19742203378388068|0.16844205143530697|4.41361201850629|1.3438955794867324|0|0|False
135398638.0|Hypoxanthine|1,7-dihydropurin-6-one|O=c1[nH]cnc2nc[nH]c12|10|136.114|-0.35380000000000006|74.43|3|2|0.0|0|2|2|10|0|0.5192368565638923|0.39726961313423786|2.9399791809991207|-0.25903651864364996|1|0|False
312827.0|Tomatidine|5',7,9,13-tetramethylspiro[5-oxapentacyclo[10.8.0.02,9.04,8.013,18]icosane-6,2'-piperidine]-16-ol|CC1CCC2(NC1)OC1CC3C4CCC5CC(O)CCC5(C)C4CCC3(C)C1C2C|30|415.66200000000026|5.366800000000006|41.489999999999995|3|2|1.0|0|6|0|30|24|0.5589811430146876|0.21002733429425308|5.369563102779233|2.885757885743727|0|0|False
9449.0|Adenine sulfate|7H-purin-6-amine|Nc1ncnc2nc[nH]c12|10|135.13|-0.0648999999999999|80.47999999999999|4|2|0.0|0|2|2|10|0|0.5296759293780585|0.46383358553871024|2.6602057061980595|-0.48016737706869|1|0|False
